'ID';'ГОД';'АЛЬБОМ';'ИСПОЛНИТЕЛЬ';'ЖАНР';'ПОДЖАНР';'ЦЕНА';'СЕБЕСТОИМОСТЬ';'СТАТУС'
'1';'1967';'Sgt. Pepper''s Lonely Hearts Club Band';'The Beatles';'Rock';'Rock & Roll, Psychedelic Rock';'400.0';'286.0';'o'
'2';'1966';'Pet Sounds';'The Beach Boys';'Rock';'Pop Rock, Psychedelic Rock';'250.0';'179.0';'o'
'3';'1966';'Revolver';'The Beatles';'Rock';'Psychedelic Rock, Pop Rock';'220.0';'169.0';'o'
'4';'1965';'Highway 61 Revisited';'Bob Dylan';'Rock';'Folk Rock, Blues Rock';'850.0';'654.0';'o'
'5';'1965';'Rubber Soul';'The Beatles';'Rock, Pop';'Pop Rock';'1020.0';'728.0';'e'
'6';'1971';'What''s Going On';'Marvin Gaye';'Funk / Soul';'Soul';'455.0';'380.0';'e'
'7';'1972';'Exile on Main St.';'The Rolling Stones';'Rock';'Blues Rock, Rock & Roll, Classic Rock';'550.0';'393.0';'o'
'8';'1979';'London Calling';'The Clash';'Rock';'Punk, New Wave';'660.0';'550.0';'e'
'9';'1966';'Blonde on Blonde';'Bob Dylan';'Rock, Blues';'Folk Rock, Rhythm & Blues';'1140.0';'950.0';'e'
'10';'1968';'The Beatles ("The White Album")';'The Beatles';'Rock';'Rock & Roll, Pop Rock, Psychedelic Rock, Experimental';'1105.0';'850.0';'e'
'11';'1976';'The Sun Sessions';'Elvis Presley';'Rock';'Rock & Roll';'700.0';'500.0';'o'
'12';'1959';'Kind of Blue';'Miles Davis';'Jazz';'Modal';'650.0';'542.0';'o'
'13';'1967';'The Velvet Underground & Nico';'The Velvet Underground';'Rock';'Garage Rock, Art Rock, Experimental';'975.0';'812.0';'e'
'14';'1969';'Abbey Road';'The Beatles';'Rock';'Psychedelic Rock, Classic Rock, Pop Rock';'550.0';'458.0';'o'
'15';'1967';'Are You Experienced';'The Jimi Hendrix Experience';'Rock, Blues';'Blues Rock, Psychedelic Rock';'900.0';'750.0';'o'
'16';'1975';'Blood on the Tracks';'Bob Dylan';'Rock';'Folk Rock, Acoustic, Ballad';'300.0';'215.0';'e'
'17';'1991';'Nevermind';'Nirvana';'Rock';'Alternative Rock, Grunge';'770.0';'592.0';'e'
'18';'1975';'Born to Run';'Bruce Springsteen';'Rock';'Pop Rock';'300.0';'250.0';'o'
'19';'1968';'Astral Weeks';'Van Morrison';'Jazz, Rock, Blues, Folk, World, & Country';'Acoustic, Classic Rock, Free Improvisation';'950.0';'679.0';'o'
'20';'1982';'Thriller';'Michael Jackson';'Funk / Soul, Pop';'Disco';'1170.0';'900.0';'e'
'21';'1982';'The Great Twenty_Eight';'Chuck Berry';'Rock';'Rock & Roll';'1235.0';'950.0';'e'
'22';'1990';'The Complete Recordings';'Robert Johnson';'Blues';'Delta Blues';'600.0';'429.0';'o'
'23';'1970';'John Lennon/Plastic Ono Band';'John Lennon / Plastic Ono Band';'Rock';'Pop Rock';'850.0';'708.0';'o'
'24';'1973';'Innervisions';'Stevie Wonder';'Funk / Soul';'Soul';'800.0';'615.0';'o'
'25';'1963';'Live at the Apollo, 1962';'James Brown';'Funk / Soul';'Rhythm & Blues, Soul';'600.0';'500.0';'o'
'26';'1977';'Rumours';'Fleetwood Mac';'Rock';'Pop Rock';'600.0';'462.0';'e'
'27';'1987';'The Joshua Tree';'U2';'Rock';'Alternative Rock, Pop Rock';'850.0';'708.0';'o'
'28';'1971';'Who''s Next';'The Who';'Rock';'Hard Rock, Mod, Prog Rock, Psychedelic Rock';'700.0';'538.0';'o'
'29';'1969';'Led Zeppelin';'Led Zeppelin';'Rock';'Blues Rock, Hard Rock';'250.0';'179.0';'o'
'30';'1971';'Blue';'Joni Mitchell';'Pop';'Acoustic, Ballad, Folk';'500.0';'385.0';'o'
'31';'1965';'Bringing It All Back Home';'Bob Dylan';'Rock, Folk, World, & Country';'Folk Rock, Folk';'975.0';'697.0';'e'
'32';'1969';'Let It Bleed';'The Rolling Stones';'Rock';'Blues Rock, Hard Rock';'845.0';'603.0';'e'
'33';'1976';'Ramones';'Ramones';'Rock';'Rock & Roll, Punk';'300.0';'231.0';'o'
'34';'1968';'Music From Big Pink';'The Band';'Rock';'Folk Rock, Acoustic, Blues Rock';'600.0';'429.0';'o'
'35';'1972';'The Rise and Fall of Ziggy Stardust and the Spiders From Mars';'David Bowie';'Rock';'Classic Rock, Glam';'850.0';'654.0';'o'
'36';'1971';'Tapestry';'Carole King';'Rock, Pop';'Folk Rock, Soft Rock';'750.0';'536.0';'o'
'37';'1976';'Hotel California';'Eagles';'Rock';'Classic Rock';'540.0';'385.0';'e'
'38';'2001';'The Anthology';'Muddy Waters';'Folk, World, & Country';'Folk';'420.0';'323.0';'e'
'39';'1963';'Please Please Me';'The Beatles';'Rock';'Beat, Rock & Roll';'960.0';'738.0';'e'
'40';'1967';'Forever Changes';'Love';'Rock';'Folk Rock, Psychedelic Rock';'900.0';'692.0';'e'
'41';'1977';'Never Mind the Bollocks Here''s the Sex Pistols';'Sex Pistols';'Rock';'Punk';'715.0';'550.0';'e'
'42';'1967';'The Doors';'The Doors';'Rock';'Psychedelic Rock';'750.0';'536.0';'o'
'43';'1973';'The Dark Side of the Moon';'Pink Floyd';'Rock';'Prog Rock';'850.0';'654.0';'o'
'44';'1975';'Horses';'Patti Smith';'Rock';'Art Rock';'1045.0';'871.0';'e'
'45';'1969';'The Band ("The Brown Album")';'The Band';'Classical, Stage & Screen';'Soundtrack, Modern Classical, Contemporary, Score';'660.0';'550.0';'e'
'46';'1984';'Legend: The Best of Bob Marley and The Wailers';'Bob Marley & The Wailers';'Reggae';'Reggae, Roots Reggae';'300.0';'214.0';'o'
'47';'1965';'A Love Supreme';'John Coltrane';'Jazz';'Free Jazz, Hard Bop, Modal';'600.0';'462.0';'o'
'48';'1988';'It Takes a Nation of Millions to Hold Us Back';'Public Enemy';'Hip Hop';'Conscious';'715.0';'550.0';'e'
'49';'1971';'At Fillmore East';'The Allman Brothers Band';'Rock, Blues';'Blues Rock';'450.0';'375.0';'o'
'50';'1957';'Here''s Little Richard';'Little Richard';'Rock, Blues';'Rock & Roll, Rhythm & Blues';'850.0';'607.0';'o'
'51';'1970';'Bridge Over Troubled Water';'Simon & Garfunkel';'Rock';'Folk Rock, Classic Rock';'800.0';'667.0';'o'
'52';'1975';'Greatest Hits';'Al Green';'Funk / Soul';'Soul';'420.0';'323.0';'e'
'53';'1964';'Meet The Beatles!';'The Beatles';'Rock';'Beat, Rock & Roll';'250.0';'192.0';'o'
'54';'1991';'The Birth of Soul';'Ray Charles';'Jazz, Funk / Soul';'Rhythm & Blues, Big Band, Soul, Soul-Jazz';'1020.0';'785.0';'e'
'55';'1968';'Electric Ladyland';'The Jimi Hendrix Experience';'Rock, Blues';'Electric Blues, Psychedelic Rock';'1020.0';'785.0';'e'
'56';'1956';'Elvis Presley';'Elvis Presley';'Rock';'Rock & Roll, Rockabilly';'400.0';'333.0';'o'
'57';'1976';'Songs in the Key of Life';'Stevie Wonder';'Funk / Soul';'Soul, Disco';'250.0';'192.0';'o'
'58';'1968';'Beggars Banquet';'The Rolling Stones';'Rock, Funk / Soul, Pop';'Blues Rock, Southern Rock, Classic Rock';'260.0';'186.0';'e'
'59';'1976';'Chronicle: The 20 Greatest Hits';'Creedence Clearwater Revival';'Rock';'None';'910.0';'758.0';'e'
'60';'1969';'Trout Mask Replica';'Captain Beefheart & His Magic Band';'Rock, Blues';'Dialogue, Field Recording, Avantgarde, Electric Blues, Psychedelic Rock, Experimental';'325.0';'250.0';'e'
'61';'1970';'Greatest Hits';'Sly & The Family Stone';'Funk / Soul';'Rhythm & Blues, Funk';'1045.0';'871.0';'e'
'62';'1987';'Appetite for Destruction';'Guns N'' Roses';'Rock';'Hard Rock, Heavy Metal';'700.0';'538.0';'o'
'63';'1991';'Achtung Baby';'U2';'Electronic, Rock';'Pop Rock, Synth-pop, Alternative Rock, Arena Rock';'275.0';'197.0';'e'
'64';'1971';'Sticky Fingers';'The Rolling Stones';'Rock';'Classic Rock';'312.5';'240.0';'o'
'65';'1991';'Back to Mono (1958-1969)';'Phil Spector';'Rock, Funk / Soul, Pop';'Doo Wop, Pop Rock, Ballad, Rhythm & Blues';'345.0';'287.5';'o'
'66';'1970';'Moondance';'Van Morrison';'Jazz, Rock, Funk / Soul, Folk, World, & Country';'Folk Rock, Rhythm & Blues, Classic Rock, Contemporary Jazz';'500.0';'385.0';'o'
'67';'2000';'Kid A';'Radiohead';'Electronic, Rock';'Alternative Rock, IDM, Experimental';'455.0';'350.0';'e'
'68';'1979';'Off the Wall';'Michael Jackson';'Funk / Soul, Pop';'Disco, Soul, Ballad';'600.0';'500.0';'o'
'69';'1971';'[Led Zeppelin IV]';'Led Zeppelin';'Rock';'Hard Rock, Classic Rock, Blues Rock';'660.0';'550.0';'e'
'70';'1977';'The Stranger';'Billy Joel';'Rock';'Pop Rock';'200.0';'154.0';'o'
'71';'1986';'Graceland';'Paul Simon';'Jazz, Rock, Funk / Soul, Pop, Folk, World, & Country';'Folk Rock, Pop Rock, African, Afrobeat, Zydeco, Funk, Rhythm & Blues';'845.0';'650.0';'e'
'72';'1972';'Superfly';'Curtis Mayfield';'Funk / Soul, Stage & Screen';'Soundtrack, Soul';'720.0';'554.0';'e'
'73';'1975';'Physical Graffiti';'Led Zeppelin';'Rock';'Classic Rock';'977.4999999999999';'698.05';'o'
'74';'1970';'After the Gold Rush';'Neil Young';'Rock';'Rock & Roll, Country Rock';'200.0';'154.0';'o'
'75';'1991';'Star Time';'James Brown';'Funk / Soul';'Soul, Funk, Disco';'550.0';'423.0';'o'
'76';'1984';'Purple Rain';'Prince and the Revolution';'Electronic, Rock, Funk / Soul, Stage & Screen';'Pop Rock, Funk, Soundtrack, Synth-pop';'500.0';'357.0';'e'
'77';'1980';'Back in Black';'AC/DC';'Rock';'Hard Rock';'200.0';'154.0';'o'
'78';'1965';'Otis Blue: Otis Redding Sings Soul';'Otis Redding';'Funk / Soul';'Soul';'330.0';'254.0';'e'
'79';'1969';'Led Zeppelin II';'Led Zeppelin';'Rock';'Blues Rock, Classic Rock, Hard Rock';'200.0';'167.0';'o'
'80';'1971';'Imagine';'John Lennon';'Rock';'Pop Rock';'780.0';'650.4';'o'
'81';'1977';'The Clash';'The Clash';'Rock';'Punk';'600.0';'500.0';'o'
'82';'1972';'Harvest';'Neil Young';'Rock';'Folk Rock, Country Rock, Classic Rock';'780.0';'650.4';'o'
'83';'1967';'Axis: Bold as Love';'The Jimi Hendrix Experience';'Rock';'Psychedelic Rock, Electric Blues';'840.0';'646.0';'e'
'84';'1967';'I Never Loved a Man the Way I Love You';'Aretha Franklin';'Funk / Soul';'Soul';'550.0';'423.0';'o'
'85';'1968';'Lady Soul';'Aretha Franklin';'Funk / Soul';'Soul';'1045.0';'804.0';'e'
'86';'1984';'Born in the U.S.A.';'Bruce Springsteen';'Rock';'Pop Rock';'400.0';'308.0';'o'
'87';'1979';'The Wall';'Pink Floyd';'Rock';'Alternative Rock, Prog Rock';'540.0';'385.0';'e'
'88';'1968';'At Folsom Prison';'Johnny Cash';'Folk, World, & Country';'Country';'950.0';'731.0';'o'
'89';'1969';'Dusty in Memphis';'Dusty Springfield';'Rock, Funk / Soul';'Pop Rock, Soul';'715.0';'596.0';'e'
'90';'1972';'Talking Book';'Stevie Wonder';'Funk / Soul';'Soul, Funk';'960.0';'685.0';'e'
'91';'1973';'Goodbye Yellow Brick Road';'Elton John';'Rock';'Pop Rock, Classic Rock';'650.0';'500.0';'o'
'92';'1978';'20 Golden Greats';'Buddy Holly';'Rock';'Rock & Roll';'1045.0';'871.0';'e'
'93';'1987';'Sign "Peace" the Times';'Prince';'Rock, Reggae';'Ska, Reggae-Pop';'345.0';'287.5';'o'
'94';'1984';'40 Greatest Hits';'Hank Williams';'Folk, World, & Country';'Country';'605.0';'465.0';'e'
'95';'1970';'Bitches Brew';'Miles Davis';'Jazz';'Fusion';'1045.0';'871.0';'e'
'96';'1969';'Tommy';'The Who';'Rock';'Psychedelic Rock';'660.0';'472.0';'e'
'97';'1963';'The Freewheelin'' Bob Dylan';'Bob Dylan';'Folk, World, & Country';'Folk';'845.0';'650.0';'e'
'98';'1978';'This Year''s Model';'Elvis Costello';'Rock';'New Wave';'1020.0';'850.0';'e'
'99';'1971';'There''s a Riot Goin'' On';'Sly & The Family Stone';'Funk / Soul';'Rhythm & Blues, Funk';'550.0';'423.0';'o'
'100';'1968';'Odessey and Oracle';'The Zombies';'Rock';'Psychedelic Rock';'700.0';'583.0';'o'
'101';'1955';'In the Wee Small Hours';'Frank Sinatra';'Jazz, Pop';'Big Band, Ballad';'420.0';'323.0';'e'
'102';'1966';'Fresh Cream';'Cream';'Rock, Blues';'Blues Rock, Electric Blues';'260.0';'200.0';'e'
'103';'1959';'Giant Steps';'John Coltrane';'Jazz';'Hard Bop';'300.0';'231.0';'o'
'104';'1970';'Sweet Baby James';'James Taylor';'Rock';'Folk Rock, Acoustic, Soft Rock';'950.0';'731.0';'o'
'105';'1962';'Modern Sounds in Country and Western Music';'Ray Charles';'Funk / Soul, Folk, World, & Country';'Country, Rhythm & Blues';'200.0';'143.0';'o'
'106';'1977';'Rocket to Russia';'Ramones';'Rock';'Rock & Roll, Punk';'605.0';'432.0';'e'
'107';'2003';'Portrait of a Legend 1951-1964';'Sam Cooke';'Latin, Funk / Soul';'Soul, Rhythm & Blues, Gospel, Cha-Cha';'600.0';'429.0';'o'
'108';'1971';'Hunky Dory';'David Bowie';'Rock';'Classic Rock, Glam';'360.0';'277.0';'e'
'109';'1966';'Aftermath';'The Rolling Stones';'Rock';'Blues Rock, Pop Rock';'800.0';'571.0';'o'
'110';'1970';'Loaded';'The Velvet Underground';'Rock';'Art Rock, Classic Rock';'540.0';'450.0';'e'
'111';'1995';'The Bends';'Radiohead';'Rock';'Alternative Rock';'550.0';'393.0';'o'
'112';'1966';'If You Can Believe Your Eyes and Ears';'The Mamas and the Papas';'Rock';'Folk Rock, Pop Rock';'500.0';'357.0';'o'
'113';'1974';'Court and Spark';'Joni Mitchell';'Rock';'Soft Rock, Pop Rock';'910.0';'758.0';'e'
'114';'1967';'Disraeli Gears';'Cream';'Rock';'Psychedelic Rock, Blues Rock';'390.0';'278.0';'e'
'115';'1967';'The Who Sell Out';'The Who';'Rock';'Psychedelic Rock, Mod';'800.0';'615.0';'o'
'116';'1965';'Out of Our Heads';'The Rolling Stones';'Rock';'Blues Rock, Rock & Roll';'910.0';'758.0';'e'
'117';'1970';'Layla and Other Assorted Love Songs';'Derek and the Dominos';'Rock';'Blues Rock';'780.0';'600.0';'e'
'118';'2005';'Late Registration';'Kanye West';'Hip Hop';'None';'1140.0';'950.4';'o'
'119';'1960';'At Last!';'Etta James';'Funk / Soul, Blues';'Rhythm & Blues, Soul';'350.0';'292.0';'o'
'120';'1968';'Sweetheart of the Rodeo';'The Byrds';'Rock';'Folk Rock, Country Rock';'825.0';'635.0';'e'
'121';'1969';'Stand!';'Sly & The Family Stone';'Funk / Soul';'Funk, Psychedelic, Disco';'350.0';'250.0';'o'
'122';'1972';'The Harder They Come';'Various Artists';'Reggae,ÊPop,ÊFolk, World, & Country,ÊStage & Screen';'Reggae,ÊRoots Reggae,ÊRocksteady,ÊContemporary,ÊSoundtrack';'950.0';'792.0';'o'
'123';'1986';'Raising Hell';'Run D.M.C.';'Hip Hop';'None';'600.0';'462.0';'o'
'124';'1967';'Moby Grape';'Moby Grape';'Rock';'Folk Rock, Psychedelic Rock';'500.0';'357.0';'o'
'125';'1971';'Pearl';'Janis Joplin';'Rock, Blues';'Blues Rock';'300.0';'231.0';'o'
'126';'1973';'Catch a Fire';'The Wailers';'Reggae';'Roots Reggae';'750.0';'625.0';'o'
'127';'1967';'Younger Than Yesterday';'The Byrds';'Rock';'Folk Rock, Psychedelic Rock';'650.0';'542.0';'o'
'128';'1973';'Raw Power';'Iggy and The Stooges';'Rock';'Garage Rock, Hard Rock, Punk';'750.0';'536.0';'o'
'129';'1980';'Remain in Light';'Talking Heads';'Electronic, Rock';'New Wave, Art Rock, Funk';'910.0';'699.0';'e'
'130';'1977';'Marquee Moon';'Television';'Rock';'New Wave, Punk';'300.0';'250.0';'o'
'131';'1970';'Paranoid';'Black Sabbath';'Rock';'Hard Rock, Heavy Metal';'840.0';'599.5500000000001';'o'
'132';'1977';'Saturday Night Fever: The Original Movie Sound Track';'Various Artists';'Electronic,ÊStage & Screen';'Soundtrack,ÊDisco';'480.0';'400.0';'e'
'133';'1973';'The Wild, the Innocent & the E Street Shuffle';'Bruce Springsteen';'Rock';'None';'660.0';'508.0';'e'
'134';'1994';'Ready to Die';'The Notorious B.I.G.';'Hip Hop';'Thug Rap';'770.0';'550.0';'e'
'135';'1992';'Slanted and Enchanted';'Pavement';'Rock';'Alternative Rock';'1105.0';'789.0';'e'
'136';'1974';'Greatest Hits';'Elton John';'Rock';'Classic Rock';'450.0';'346.0';'o'
'137';'1985';'Tim';'The Replacements';'Rock';'Indie Rock';'850.0';'708.0';'o'
'138';'1992';'The Chronic';'Dr. Dre';'Hip Hop';'Gangsta';'750.0';'536.0';'o'
'139';'1974';'Rejuvenation';'The Meters';'Funk / Soul';'Bayou Funk, Soul';'1040.0';'867.0';'e'
'140';'1978';'Parallel Lines';'Blondie';'Electronic, Rock';'New Wave, Pop Rock, Punk, Disco';'500.0';'357.0';'o'
'141';'1965';'Live at the Regal';'B.B. King';'Blues';'Chicago Blues';'1235.0';'950.0';'e'
'142';'1963';'A Christmas Gift for You From Phil Spector';'Phil Spector';'Rock, Funk / Soul, Pop';'Pop Rock';'350.0';'269.0';'o'
'143';'1968';'Gris-Gris';'Dr. John, the Night Tripper';'Jazz, Rock, Funk / Soul, Blues';'Soul-Jazz, Louisiana Blues, Fusion, Bayou Funk';'950.0';'792.0';'o'
'144';'1988';'Straight Outta Compton';'N.W.A';'Hip Hop';'Gangsta';'900.0';'643.0';'o'
'145';'1977';'Aja';'Steely Dan';'Jazz, Rock';'Jazz-Rock, Classic Rock';'420.0';'300.0';'e'
'146';'1967';'Surrealistic Pillow';'Jefferson Airplane';'Rock';'Folk Rock, Psychedelic Rock';'400.0';'333.0';'o'
'147';'1970';'Deja vu';'Crosby, Stills, Nash & Young';'Rock';'Classic Rock';'900.0';'692.0';'o'
'148';'1973';'Houses of the Holy';'Led Zeppelin';'Rock';'Classic Rock';'780.0';'557.0';'e'
'149';'1969';'Santana';'Santana';'Rock, Latin, Funk / Soul';'Afro-Cuban, Psychedelic Rock';'600.0';'429.0';'o'
'150';'1978';'Darkness on the Edge of Town';'Bruce Springsteen';'Rock';'Pop Rock';'900.0';'750.0';'o'
'151';'2004';'Funeral';'Arcade Fire';'Rock';'Indie Rock';'220.0';'157.0';'e'
'152';'1979';'The B 52''s / Play Loud';'The B 52''s';'Electronic, Rock, Pop';'New Wave, Punk, Mod';'910.0';'758.0';'e'
'153';'1991';'The Low End Theory';'A Tribe Called Quest';'Hip Hop';'Conscious';'900.0';'692.0';'o'
'154';'1958';'Moanin'' in the Moonlight';'Howlin'' Wolf';'Blues';'Chicago Blues';'200.0';'143.0';'o'
'155';'1980';'Pretenders';'Pretenders';'Rock';'Alternative Rock, New Wave';'520.0';'400.0';'e'
'156';'1989';'Paul''s Boutique';'Beastie Boys';'Hip Hop, Rock, Funk / Soul';'Alternative Rock, Pop Rap, Psychedelic';'750.0';'625.0';'o'
'157';'1980';'Closer';'Joy Division';'Rock';'Post-Punk, New Wave';'660.0';'550.0';'e'
'158';'1975';'Captain Fantastic and the Brown Dirt Cowboy';'Elton John';'Rock';'Pop Rock, Classic Rock';'800.0';'615.0';'o'
'159';'1975';'Alive!';'KISS';'Rock';'Hard Rock, Glam';'480.0';'370.0';'e'
'160';'1971';'Electric Warrior';'T. Rex';'Rock';'Glam, Classic Rock';'950.0';'731.0';'o'
'161';'1968';'The Dock of the Bay';'Otis Redding';'Funk / Soul';'Rhythm & Blues, Soul';'275.0';'211.0';'e'
'162';'1997';'OK Computer';'Radiohead';'Electronic, Rock';'Alternative Rock';'495.0';'381.0';'e'
'163';'1982';'1999';'Prince';'Funk / Soul, Pop';'None';'600.0';'500.0';'e'
'164';'2002';'The Very Best of Linda Ronstadt';'Linda Ronstadt';'Rock, Pop';'Soft Rock, Pop Rock';'325.0';'233.0';'e'
'165';'1973';'Let''s Get It On';'Marvin Gaye';'Funk / Soul';'Soul';'400.0';'308.0';'o'
'166';'1982';'Imperial Bedroom';'Elvis Costello & The Attractions';'Rock';'Alternative Rock, New Wave';'250.0';'179.0';'o'
'167';'1986';'Master of Puppets';'Metallica';'Rock';'Thrash, Speed Metal';'350.0';'269.0';'o'
'168';'1977';'My Aim Is True';'Elvis Costello';'Rock';'New Wave, Pop Rock';'600.0';'429.0';'o'
'169';'1977';'Exodus';'Bob Marley & The Wailers';'Reggae';'Reggae, Roots Reggae';'660.0';'508.0';'e'
'170';'1970';'Live at Leeds';'The Who';'Rock';'Classic Rock, Blues Rock, Hard Rock';'770.0';'592.0';'e'
'171';'1968';'The Notorious Byrd Brothers';'The Byrds';'Rock';'Psychedelic Rock, Folk Rock, Country Rock, Pop Rock';'700.0';'538.0';'o'
'172';'1971';'Every Picture Tells a Story';'Rod Stewart';'Rock';'Pop Rock';'220.0';'157.0';'e'
'173';'1972';'Something/Anything?';'Todd Rundgren';'Rock';'Power Pop, Pop Rock, Prog Rock';'250.0';'192.0';'o'
'174';'1976';'Desire';'Bob Dylan';'Rock';'Folk Rock';'650.0';'500.0';'o'
'175';'1970';'Close to You';'Carpenters';'Rock, Pop';'Pop Rock, Vocal';'220.0';'169.0';'e'
'176';'1976';'Rocks';'Aerosmith';'Rock';'Hard Rock, Classic Rock';'700.0';'538.0';'e'
'177';'1978';'One Nation Under a Groove';'Funkadelic';'Funk / Soul';'P.Funk';'800.0';'667.0';'o'
'178';'1992';'The Anthology: 1961-1977';'Curtis Mayfield and The Impressions';'Funk / Soul';'Rhythm & Blues, Soul, Funk';'700.0';'583.0';'o'
'179';'2001';'The Definitive Collection';'ABBA';'Electronic, Pop';'Europop, Synth-pop, Disco';'650.0';'464.0';'o'
'180';'1965';'The Rolling Stones, Now!';'The Rolling Stones';'Rock, Blues, Pop';'Pop Rock, Rhythm & Blues, Rock & Roll';'450.0';'375.0';'o'
'181';'1974';'Natty Dread';'Bob Marley & The Wailers';'Reggae';'Reggae, Roots Reggae';'910.0';'758.0';'e'
'182';'1975';'Fleetwood Mac';'Fleetwood Mac';'Rock, Pop';'Folk Rock, Pop Rock';'350.0';'292.0';'o'
'183';'1975';'Red Headed Stranger';'Willie Nelson';'Folk, World, & Country';'Country';'550.0';'458.0';'o'
'184';'1990';'The Immaculate Collection';'Madonna';'Electronic, Pop';'Synth-pop';'600.0';'429.0';'o'
'185';'1969';'The Stooges';'The Stooges';'Rock';'Garage Rock, Punk';'1105.0';'920.0';'e'
'186';'1973';'Fresh';'Sly & The Family Stone';'Funk / Soul';'Rhythm & Blues, Funk';'800.0';'571.0';'o'
'187';'1986';'So';'Peter Gabriel';'Electronic, Rock, Funk / Soul, Pop';'Art Rock, Pop Rock, Synth-pop, Funk';'390.0';'300.0';'e'
'188';'1967';'Buffalo Springfield Again';'Buffalo Springfield';'Rock, Pop';'Country Rock';'400.0';'333.0';'o'
'189';'1969';'Happy Trails';'Quicksilver Messenger Service';'Rock';'Acid Rock, Psychedelic Rock';'450.0';'375.0';'o'
'190';'1969';'From Elvis in Memphis';'Elvis Presley';'Rock, Funk / Soul, Folk, World, & Country';'Country, Soul';'840.0';'599.5500000000001';'o'
'191';'1970';'Fun House';'The Stooges';'Rock';'Garage Rock, Punk';'550.0';'424.0';'e'
'192';'1969';'The Gilded Palace of Sin';'The Flying Burrito Brothers';'Rock, Folk, World, & Country';'Country Rock';'715.0';'595.0';'e'
'193';'1994';'Dookie';'Green Day';'Rock';'Alternative Rock, Pop Punk, Punk';'800.0';'615.0';'o'
'194';'1972';'Transformer';'Lou Reed';'Rock';'Glam';'900.0';'692.0';'e'
'195';'1966';'Blues Breakers With Eric Clapton ("The Beano Album")';'John Mayall & The Bluesbreakers';'Rock,ÊBlues';'Blues Rock,ÊElectric Blues,ÊHarmonica Blues';'660.0';'508.0';'e'
'196';'1998';'Nuggets: Original Artyfacts From the First Psychedelic Era, 1965-1968';'Various Artists';'Rock';'Garage Rock,ÊPsychedelic Rock';'900.0';'692.0';'o'
'197';'1983';'Murmur';'R.E.M.';'Rock';'Alternative Rock';'550.0';'459.0';'e'
'198';'1967';'The Best of Little Walter';'Little Walter';'Blues';'Chicago Blues';'770.0';'550.0';'e'
'199';'2001';'Is This It';'The Strokes';'Rock';'Indie Rock';'950.0';'792.0';'o'
'200';'1979';'Highway to Hell';'AC/DC';'Rock';'Hard Rock';'950.0';'731.0';'o'
'201';'1994';'The Downward Spiral';'Nine Inch Nails';'Electronic, Rock';'Industrial';'900.0';'643.0';'o'
'202';'1966';'Parsley, Sage, Rosemary and Thyme';'Simon & Garfunkel';'Rock, Pop, Folk, World, & Country';'Folk Rock, Pop Rock';'350.0';'292.0';'o'
'203';'1987';'Bad';'Michael Jackson';'Funk / Soul, Pop';'Pop Rock, Ballad, Funk, Soul';'450.0';'321.0';'e'
'204';'2006';'Modern Times';'Bob Dylan';'Rock';'Blues Rock, Folk Rock';'500.0';'357.0';'o'
'205';'1968';'Wheels of Fire';'Cream';'Rock, Blues';'Blues Rock, Psychedelic Rock, Classic Rock';'650.0';'464.0';'o'
'206';'1980';'Dirty Mind';'Prince';'Funk / Soul';'None';'550.0';'393.0';'e'
'207';'1970';'Abraxas';'Santana';'Rock, Latin';'Fusion, Hard Rock, Psychedelic Rock';'300.0';'231.0';'o'
'208';'1970';'Tea for the Tillerman';'Cat Stevens';'Rock, Stage & Screen';'Folk Rock, Pop Rock';'500.0';'357.0';'o'
'209';'1991';'Ten';'Pearl Jam';'Rock';'Grunge';'825.0';'688.0';'e'
'210';'1969';'Everybody Knows This Is Nowhere';'Neil Young & Crazy Horse';'Rock';'Folk Rock, Country Rock, Classic Rock';'1020.0';'785.0';'e'
'211';'1975';'Wish You Were Here';'Pink Floyd';'Rock';'Classic Rock, Prog Rock';'550.0';'458.70000000000005';'o'
'212';'1994';'Crooked Rain Crooked Rain';'Pavement';'Rock';'Alternative Rock, Indie Rock';'210.0';'150.15';'o'
'213';'1981';'Tattoo You';'The Rolling Stones';'Rock';'Classic Rock';'200.0';'143.0';'o'
'214';'1991';'Proud Mary: The Best of Ike and Tina Turner';'Ike & Tina Turner';'Funk / Soul';'Rhythm & Blues, Bayou Funk, Soul';'950.0';'731.0';'o'
'215';'1973';'New York Dolls';'New York Dolls';'Rock';'Glam';'800.0';'571.0';'o'
'216';'1986';'Bo Diddley / Go Bo Diddley';'Bo Diddley';'Rock, Blues';'Rhythm & Blues, Rock & Roll';'400.0';'308.0';'o'
'217';'1961';'Two Steps From the Blues';'Bobby "Blue" Bland';'Funk / Soul, Blues';'Rhythm & Blues, Soul';'910.0';'758.0';'e'
'218';'1986';'The Queen Is Dead';'The Smiths';'Rock, Pop';'Indie Rock';'800.0';'571.0';'o'
'219';'1986';'Licensed to Ill';'Beastie Boys';'Hip Hop';'None';'400.0';'308.0';'o'
'220';'1970';'Look-Ka Py Py';'The Meters';'Funk / Soul';'Bayou Funk, Soul, Funk';'550.0';'393.0';'o'
'221';'1991';'Loveless';'My Bloody Valentine';'Rock';'Alternative Rock, Shoegaze';'715.0';'550.0';'e'
'222';'1972';'New Orleans Piano';'Professor Longhair';'Funk / Soul, Blues';'Piano Blues';'450.0';'375.0';'o'
'223';'1983';'War';'U2';'Rock';'Pop Rock';'650.0';'464.0';'e'
'224';'1999';'The Neil Diamond Collection';'Neil Diamond';'Rock, Pop';'Soft Rock, Ballad';'400.0';'308.0';'o'
'225';'2004';'American Idiot';'Green Day';'Rock';'Pop Rock, Punk';'800.0';'615.0';'o'
'226';'1982';'Nebraska';'Bruce Springsteen';'Rock';'Acoustic';'900.0';'750.0';'e'
'227';'1989';'Doolittle';'Pixies';'Rock';'Indie Rock';'650.0';'500.0';'o'
'228';'1987';'Paid in Full';'Eric B. & Rakim';'Hip Hop';'None';'892.5';'743.4';'o'
'229';'1975';'Toys in the Attic';'Aerosmith';'Rock';'Hard Rock, Blues Rock';'260.0';'217.0';'e'
'230';'1989';'Nick of Time';'Bonnie Raitt';'Rock, Pop';'Blues Rock, Pop Rock';'500.0';'357.0';'o'
'231';'1975';'A Night at the Opera';'Queen';'Rock';'Hard Rock, Pop Rock, Prog Rock';'1235.0';'883.0';'e'
'232';'1972';'The Kink Kronikles';'The Kinks';'Rock';'Rock & Roll, Pop Rock';'800.0';'571.0';'o'
'233';'1965';'Mr. Tambourine Man';'The Byrds';'Rock';'Folk Rock, Garage Rock, Pop Rock';'935.0';'668.0';'e'
'234';'1968';'Bookends';'Simon & Garfunkel';'Rock';'Folk Rock, Classic Rock';'800.0';'571.0';'o'
'235';'2000';'The Ultimate Collection';'Patsy Cline';'Folk, World, & Country';'None';'950.0';'731.0';'o'
'236';'1992';'Mr. Excitement!';'Jackie Wilson';'Funk / Soul';'None';'950.0';'731.0';'o'
'237';'1965';'My Generation';'The Who';'Rock';'Mod';'330.0';'275.0';'e'
'238';'1962';'Howlin'' Wolf';'Howlin'' Wolf';'Blues';'None';'550.0';'423.0';'p'
'239';'1989';'Like a Prayer';'Madonna';'Electronic, Pop';'Synth-pop';'385.0';'321.0';'e'
'240';'1972';'Can''t Buy a Thrill';'Steely Dan';'Rock';'Classic Rock';'850.0';'708.0';'o'
'241';'1984';'Let It Be';'The Replacements';'Rock';'Alternative Rock, Power Pop, Punk, Indie Rock';'600.0';'500.4';'o'
'242';'1984';'Run D.M.C.';'Run D.M.C.';'Hip Hop';'None';'550.0';'458.0';'o'
'243';'1970';'Black Sabbath';'Black Sabbath';'Rock';'Blues Rock, Heavy Metal';'650.0';'542.0';'e'
'244';'2000';'The Marshall Mathers LP';'Eminem';'Hip Hop';'Pop Rap, Hardcore Hip-Hop, Horrorcore';'420.0';'350.0';'e'
'245';'1993';'All Killer No Filler! The Jerry Lee Lewis Anthology';'Jerry Lee Lewis';'Rock, Blues, Folk, World, & Country';'Country Blues, Rock & Roll, Rhythm & Blues';'700.0';'583.0';'o'
'246';'1966';'Freak Out!';'The Mothers of Invention';'Electronic, Rock';'Musique Concr?te, Avantgarde, Symphonic Rock, Rhythm & Blues, Psychedelic Rock, Experimental, Parody';'360.0';'257.0';'e'
'247';'1969';'Live/Dead';'The Grateful Dead';'Rock';'Folk Rock, Country Rock, Psychedelic Rock, Experimental';'450.0';'321.0';'o'
'248';'1959';'The Shape of Jazz to Come';'Ornette Coleman';'Jazz';'Free Jazz';'935.0';'719.0';'e'
'249';'1992';'Automatic for the People';'R.E.M.';'Rock';'Alternative Rock';'900.0';'750.0';'o'
'250';'1996';'Reasonable Doubt';'Jay Z';'Hip Hop';'None';'919.9999999999999';'707.25';'o'
'251';'1977';'Low';'David Bowie';'Electronic, Rock';'Art Rock, Ambient, Experimental';'900.0';'692.0';'o'
'252';'2001';'The Blueprint';'Jay Z';'Hip Hop';'None';'275.0';'211.0';'e'
'253';'1980';'The River';'Bruce Springsteen';'Rock';'Folk Rock, Pop Rock, Classic Rock';'900.0';'692.0';'o'
'254';'1966';'Complete & Unbelievable: The Otis Redding Dictionary of Soul';'Otis Redding';'Funk / Soul';'Soul';'990.0';'707.0';'e'
'255';'1991';'Metallica ("The Black Album")';'Metallica';'Rock';'Heavy Metal';'950.0';'731.0';'o'
'256';'1977';'Trans Europa Express';'Kraftwerk';'Electronic';'Electro';'300.0';'250.0';'o'
'257';'1985';'Whitney Houston';'Whitney Houston';'Funk / Soul, Pop';'Synth-pop, Rhythm & Blues';'1080.0';'900.0';'e'
'258';'1968';'The Kinks Are The Village Green Preservation Society';'The Kinks';'Rock';'Psychedelic Rock, Pop Rock';'300.0';'250.0';'o'
'259';'1997';'The Velvet Rope';'Janet';'Electronic, Funk / Soul, Pop';'RnB/Swing, Downtempo';'240.0';'200.0';'e'
'260';'1978';'Stardust';'Willie Nelson';'Pop, Folk, World, & Country';'Vocal';'600.0';'500.0';'o'
'261';'1970';'American Beauty';'Grateful Dead';'Rock';'Folk Rock';'800.0';'667.0';'o'
'262';'1969';'Crosby, Stills & Nash';'Crosby, Stills & Nash';'Rock, Folk, World, & Country';'Folk Rock, Classic Rock';'400.0';'308.0';'o'
'263';'1988';'Tracy Chapman';'Tracy Chapman';'Rock';'None';'300.0';'230.0';'o'
'264';'1970';'Workingman''s Dead';'Grateful Dead';'Rock';'Folk Rock, Country Rock, Classic Rock';'910.0';'699.0';'o'
'265';'1959';'The Genius of Ray Charles';'Ray Charles';'Jazz, Pop';'Soul-Jazz, Big Band';'700.0';'583.0';'o'
'266';'1968';'Child Is Father to the Man';'Blood, Sweat & Tears';'Rock';'Blues Rock, Jazz-Rock, Classic Rock';'300.0';'214.0';'o'
'267';'1973';'Quadrophenia';'The Who';'Rock';'Hard Rock, Classic Rock, Mod';'495.0';'413.0';'o'
'268';'1972';'Paul Simon';'Paul Simon';'Rock';'Folk Rock, Pop Rock';'990.0';'707.0';'o'
'269';'1985';'Psychocandy';'The Jesus and Mary Chain';'Rock';'Noise';'540.0';'385.0';'o'
'270';'1978';'Some Girls';'The Rolling Stones';'Rock';'Blues Rock, Rock & Roll, Classic Rock, Disco';'750.75';'577.5';'o'
'271';'1965';'The Beach Boys Today!';'The Beach Boys';'Rock';'Pop Rock, Psychedelic Rock';'950.0';'679.0';'o'
'272';'1997';'Dig Me Out';'Sleater Kinney';'Rock';'Indie Rock';'200.0';'143.0';'o'
'273';'1966';'Going to a Go-Go';'Smokey Robinson & The Miracles';'Funk / Soul';'Soul';'700.0';'583.0';'o'
'274';'1974';'Nightbirds';'LaBelle';'Funk / Soul';'Funk, Disco';'715.0';'595.0';'o'
'275';'1999';'The Slim Shady LP';'Eminem';'Hip Hop';'None';'250.0';'208.0';'o'
'276';'1975';'Mothership Connection';'Parliament';'Funk / Soul';'P.Funk, Funk';'550.0';'423.0';'o'
'277';'1989';'Rhythm Nation 1814';'Janet Jackson';'Electronic, Hip Hop, Pop';'RnB/Swing, Downtempo, Synth-pop';'850.0';'708.0';'o'
'278';'1997';'Anthology of American Folk Music';'Various';'Blues, Folk, World, & Country';'Cajun, Country, Field Recording, Gospel, Delta Blues, Folk';'420.0';'323.0';'o'
'279';'1973';'Aladdin Sane';'David Bowie';'Rock';'Glam';'900.0';'692.0';'o'
'280';'2000';'All That You Can''t Leave Behind';'U2';'Rock';'Pop Rock';'600.0';'462.0';'o'
'281';'1994';'My Life';'Mary J. Blige';'Hip Hop';'RnB/Swing';'1170.0';'836.0';'o'
'282';'1964';'Folk Singer';'Muddy Waters';'Blues';'Delta Blues';'850.0';'708.0';'o'
'283';'1974';'Can''t Get Enough';'Barry White';'Funk / Soul';'Soul, Disco';'600.0';'462.0';'o'
'284';'1978';'The Cars';'The Cars';'Electronic, Rock';'New Wave, Pop Rock, Synth-pop';'750.0';'577.0';'o'
'285';'1972';'Music of My Mind';'Stevie Wonder';'Funk / Soul';'Soul-Jazz, Soul';'550.0';'423.0';'o'
'286';'1972';'I''m Still in Love With You';'Al Green';'Funk / Soul';'Rhythm & Blues, Soul';'200.0';'143.0';'o'
'287';'1980';'Los Angeles';'X';'Rock';'Punk, Rock & Roll';'850.0';'654.0';'o'
'288';'1968';'Anthem of the Sun';'Grateful Dead';'Rock';'Psychedelic Rock';'850.0';'607.0';'o'
'289';'1967';'Something Else by The Kinks';'The Kinks';'Rock';'Pop Rock, Psychedelic Rock, Mod';'1140.0';'950.0';'o'
'290';'1973';'Call Me';'Al Green';'Funk / Soul';'Rhythm & Blues, Soul';'375.0';'288.75';'o'
'291';'1977';'Talking Heads: 77';'Talking Heads';'Rock';'New Wave';'845.0';'603.0';'o'
'292';'1975';'The Basement Tapes';'Bob Dylan and the Band';'Rock';'Folk Rock, Country Rock, Classic Rock';'700.0';'538.0';'o'
'293';'1968';'White Light/White Heat';'The Velvet Underground';'Rock';'Avantgarde, Experimental';'480.0';'400.0';'o'
'294';'1969';'Kick Out the Jams';'MC5';'Rock';'Garage Rock, Hard Rock, Punk, Blues Rock';'735.0';'564.9';'o'
'295';'1970';'Songs of Love and Hate';'Leonard Cohen';'Folk, World, & Country';'Folk Rock, Folk, Ballad';'200.0';'154.0';'o'
'296';'1985';'Meat Is Murder';'The Smiths';'Rock';'Alternative Rock, Indie Rock';'825.0';'688.0';'o'
'297';'1968';'We''re Only in It for the Money';'The Mothers of Invention';'Electronic, Rock';'Modern Classical, Avantgarde, Psychedelic Rock, Experimental, Parody';'900.0';'643.0';'o'
'298';'2003';'The College Dropout';'Kanye West';'Hip Hop';'Pop Rap, Conscious, Contemporary R&B';'600.0';'429.0';'o'
'299';'1994';'Weezer (Blue Album)';'Weezer';'Rock';'Alternative Rock, Emo';'385.0';'275.0';'o'
'300';'1971';'Master of Reality';'Black Sabbath';'Rock';'Hard Rock, Heavy Metal';'390.0';'325.0';'o'
'301';'1971';'Coat of Many Colors';'Dolly Parton';'Folk, World, & Country';'Country';'1020.0';'785.0';'o'
'302';'1990';'Fear of a Black Planet';'Public Enemy';'Hip Hop';'Conscious';'900.0';'692.0';'o'
'303';'1967';'John Wesley Harding';'Bob Dylan';'Rock';'Folk Rock, Country Rock';'1170.0';'975.0';'o'
'304';'1994';'Grace';'Jeff Buckley';'Rock';'Alternative Rock, Folk Rock';'750.0';'536.0';'o'
'305';'1998';'Car Wheels on a Gravel Road';'Lucinda Williams';'Folk, World, & Country';'Country, Folk';'1105.0';'789.0';'o'
'306';'1996';'Odelay';'Beck';'Electronic, Hip Hop, Funk / Soul, Pop';'Electro, Downtempo, Hip Hop, Disco, Afrobeat, Abstract';'250.0';'208.0';'o'
'307';'1964';'A Hard Day''s Night';'The Beatles';'Rock, Stage & Screen';'Soundtrack, Beat, Pop Rock';'1045.0';'871.0';'o'
'308';'1956';'Songs for Swingin'' Lovers!';'Frank Sinatra';'Jazz, Pop';'Vocal, Easy Listening';'440.0';'315.0';'o'
'309';'1969';'Willy and the Poor Boys';'Creedence Clearwater Revival';'Rock';'Blues Rock, Rock & Roll, Classic Rock';'650.0';'500.0';'o'
'310';'1991';'Blood Sugar Sex Magik';'Red Hot Chili Peppers';'Rock';'Alternative Rock, Funk Metal';'450.0';'321.0';'o'
'311';'1994';'The Sun Records Collection';'Various';'Rock, Funk / Soul, Blues, Pop, Folk, World, & Country';'Country Blues, Rock & Roll, Rockabilly';'1045.0';'804.0';'o'
'312';'1988';'Nothing''s Shocking';'Jane''s Addiction';'Rock';'Alternative Rock';'605.0';'465.0';'o'
'313';'1994';'MTV Unplugged in New York';'Nirvana';'Rock';'Folk Rock, Acoustic, Grunge';'650.0';'464.0';'o'
'314';'1998';'The Miseducation of Lauryn Hill';'Lauryn Hill';'Hip Hop';'RnB/Swing, Conscious';'950.0';'792.0';'o'
'315';'1979';'Damn the Torpedoes';'Tom Petty and the Heartbreakers';'Rock';'Soft Rock, Hard Rock, Pop Rock';'576.0';'444.0';'o'
'316';'1969';'The Velvet Underground';'The Velvet Underground';'Rock';'Garage Rock, Art Rock, Experimental';'1187.5';'990.0';'o'
'317';'1988';'Surfer Rosa';'Pixies';'Rock';'Alternative Rock';'1056.0';'753.5000000000001';'o'
'318';'1972';'Back Stabbers';'The O''Jays';'Funk / Soul';'Soul';'650.0';'542.0';'o'
'319';'1973';'Burnin''';'The Wailers';'Reggae';'Reggae';'850.0';'708.0';'o'
'320';'2001';'Amnesiac';'Radiohead';'Electronic, Rock';'Alternative Rock, Experimental';'650.0';'542.0';'o'
'321';'1972';'Pink Moon';'Nick Drake';'Rock, Folk, World, & Country';'Folk, Folk Rock, Acoustic';'1170.0';'975.0';'o'
'322';'1972';'Sail Away';'Randy Newman';'Rock, Pop';'None';'850.0';'708.0';'o'
'323';'1981';'Ghost in the Machine';'The Police';'Rock, Pop';'Alternative Rock, New Wave, Pop Rock';'540.0';'415.0';'o'
'324';'1976';'Station to Station';'David Bowie';'Rock, Funk / Soul';'Classic Rock, Soul, Funk, Art Rock';'500.0';'357.0';'o'
'325';'1977';'Slowhand';'Eric Clapton';'Rock';'None';'850.0';'607.0';'o'
'326';'1989';'Disintegration';'The Cure';'Electronic, Rock';'New Wave, Alternative Rock';'990.0';'707.0';'o'
'327';'1993';'Exile in Guyville';'Liz Phair';'Rock';'Lo-Fi, Indie Rock';'500.0';'385.0';'o'
'328';'1988';'Daydream Nation';'Sonic Youth';'Rock';'Alternative Rock, Indie Rock';'260.0';'217.0';'o'
'329';'1986';'In the Jungle Groove';'James Brown';'Funk / Soul';'Soul, Funk';'495.0';'381.0';'o'
'330';'1975';'Tonight''s the Night';'Neil Young';'Rock';'Blues Rock, Folk Rock, Classic Rock';'1170.0';'900.0';'e'
'331';'1965';'Help!';'The Beatles';'Rock, Stage & Screen';'Beat, Soundtrack, Pop Rock';'250.0';'192.0';'o'
'332';'1982';'Shoot Out the Lights';'Richard & Linda Thompson';'Rock, Folk, World, & Country';'Folk Rock';'495.0';'353.0';'o'
'333';'1981';'Wild Gift';'X';'Rock';'Rock & Roll, Punk';'250.0';'179.0';'o'
'334';'1979';'Squeezing Out Sparks';'Graham Parker & The Rumour';'Rock, Blues';'None';'275.0';'229.0';'o'
'335';'1994';'Superunknown';'Soundgarden';'Rock';'Alternative Rock';'360.0';'257.0';'o'
'336';'2007';'In Rainbows';'Radiohead';'Electronic, Rock';'Alternative Rock, Art Rock';'812.5';'677.5';'o'
'337';'1971';'Aqualung';'Jethro Tull';'Rock';'Classic Rock, Prog Rock';'850.0';'607.0';'o'
'338';'1968';'Cheap Thrills';'Big Brother & the Holding Company';'Rock';'Folk Rock, Blues Rock, Psychedelic Rock';'585.0';'488.0';'o'
'339';'1974';'The Heart of Saturday Night';'Tom Waits';'Jazz, Pop, Folk, World, & Country';'Contemporary Jazz, Spoken Word';'400.0';'286.0';'o'
'340';'1981';'Damaged';'Black Flag';'Rock';'Hardcore, Punk';'1187.5';'913.75';'o'
'341';'1999';'Play';'Moby';'Electronic';'Breakbeat, Leftfield, Downtempo';'1235.0';'883.0';'o'
'342';'1990';'Violator';'Depeche Mode';'Electronic';'Synth-pop';'750.0';'625.0';'o'
'343';'1977';'Bat Out of Hell';'Meat Loaf';'Rock';'Pop Rock';'200.0';'167.0';'o'
'344';'1973';'Berlin';'Lou Reed';'Rock';'Hard Rock';'1080.0';'772.0';'o'
'345';'1984';'Stop Making Sense';'Talking Heads';'Rock, Funk / Soul';'Funk, Indie Rock, New Wave';'600.0';'429.0';'o'
'346';'1989';'3 Feet High and Rising';'De La Soul';'Hip Hop';'None';'300.0';'250.0';'o'
'347';'1967';'The Piper at the Gates of Dawn';'Pink Floyd';'Rock';'Psychedelic Rock';'450.0';'321.0';'o'
'348';'1960';'Muddy Waters at Newport 1960';'Muddy Waters';'Rock, Blues';'Blues Rock, Chicago Blues';'200.0';'167.0';'o'
'349';'2003';'The Black Album';'Jay Z';'Hip Hop';'None';'800.0';'615.0';'o'
'350';'1966';'Roger the Engineer';'The Yardbirds';'Rock, Blues';'Blues Rock, Pop Rock';'262.5';'201.60000000000002';'o'
'351';'1979';'Rust Never Sleeps';'Neil Young & Crazy Horse';'Rock';'Hard Rock, Arena Rock';'950.0';'792.0';'o'
'352';'1985';'Brothers in Arms';'Dire Straits';'Rock';'AOR, Classic Rock';'850.0';'654.0';'o'
'353';'2010';'My Beautiful Dark Twisted Fantasy';'Kanye West';'Hip Hop';'None';'935.0';'719.0';'o'
'354';'1978';'52nd Street';'Billy Joel';'Jazz, Rock, Pop';'Pop Rock, Ballad, Latin Jazz';'600.0';'462.0';'o'
'355';'1965';'Having a Rave Up';'The Yardbirds';'Rock';'Blues Rock, Psychedelic Rock';'400.0';'286.0';'o'
'356';'1970';'12 Songs';'Randy Newman';'Rock, Pop';'Pop Rock, Vocal';'935.0';'779.0';'o'
'357';'1967';'Between the Buttons';'The Rolling Stones';'Rock';'Blues Rock, Psychedelic Rock, Pop Rock';'600.0';'462.0';'o'
'358';'1960';'Sketches of Spain';'Miles Davis';'Jazz';'Modal';'800.0';'615.0';'o'
'359';'1972';'Honky Chteau';'Elton John';'Rock';'Pop Rock,ÊClassic Rock';'720.0';'554.4';'o'
'360';'1979';'Singles Going Steady';'Buzzcocks';'Rock';'Punk';'750.0';'625.0';'o'
'361';'2000';'Stankonia';'OutKast';'Hip Hop, Funk / Soul';'Gangsta, P.Funk, Crunk, Conscious';'400.0';'286.0';'o'
'362';'1993';'Siamese Dream';'The Smashing Pumpkins';'Rock';'Alternative Rock';'600.0';'462.0';'o'
'363';'1987';'Substance 1987';'New Order';'Electronic';'Synth-pop';'770.0';'641.0';'o'
'364';'1971';'L.A. Woman';'The Doors';'Rock';'Blues Rock, Classic Rock';'600.0';'500.0';'o'
'365';'1992';'Rage Against the Machine';'Rage Against the Machine';'Hip Hop, Rock';'Funk Metal';'420.0';'350.0';'o'
'366';'1994';'American Recordings';'Johnny Cash';'Folk, World, & Country';'Country, Gospel, Folk';'1235.0';'883.0';'o'
'367';'1998';'Ray of Light';'Madonna';'Electronic, Pop';'House, Techno, Downtempo, Vocal, Ambient';'750.0';'536.0';'o'
'368';'1972';'Eagles';'Eagles';'Rock';'Country Rock, Classic Rock';'1105.0';'920.0';'o'
'369';'1987';'Louder Than Bombs';'The Smiths';'Rock';'Alternative Rock, Indie Rock';'550.0';'458.0';'o'
'370';'1973';'Mott';'Mott the Hoople';'Rock';'Classic Rock';'850.0';'607.0';'o'
'371';'2006';'Whatever People Say I Am, That''s What I''m Not';'Arctic Monkeys';'Rock';'Indie Rock';'495.0';'413.0';'o'
'372';'1979';'Reggatta de Blanc';'The Police';'Rock, Pop';'New Wave, Pop Rock';'1045.0';'871.0';'o'
'373';'1969';'Volunteers';'Jefferson Airplane';'Rock';'Psychedelic Rock, Folk Rock, Country Rock, Honky Tonk';'275.0';'211.0';'o'
'374';'1975';'Siren';'Roxy Music';'Rock';'Art Rock, Pop Rock, Glam';'360.0';'257.0';'o'
'375';'1974';'Late for the Sky';'Jackson Browne';'Rock';'Pop Rock';'275.0';'211.0';'o'
'376';'1995';'Post';'Bjork';'Electronic';'Breakbeat, IDM, Electro';'715.0';'550.0';'o'
'377';'1991';'The Ultimate Collection: 1948-1990';'John Lee Hooker';'Blues';'Country Blues, Electric Blues, Chicago Blues, Jump Blues';'800.0';'571.0';'o'
'378';'1995';'(What''s the Story) Morning Glory?';'Oasis';'Rock, Pop';'Brit Pop';'750.0';'536.0';'o'
'379';'1994';'CrazySexyCool';'TLC';'Electronic, Hip Hop, Funk / Soul';'RnB/Swing';'800.0';'571.0';'o'
'380';'1973';'Funky Kingston';'Toots & The Maytals';'Reggae';'Reggae Gospel, Reggae, Roots Reggae, Rocksteady';'700.0';'538.0';'o'
'381';'2011';'The Smile Sessions';'The Beach Boys';'Rock';'Pop Rock, Psychedelic Rock';'550.0';'458.0';'o'
'382';'1976';'The Modern Lovers';'The Modern Lovers';'Rock';'Art Rock, Indie Rock';'900.0';'692.0';'o'
'383';'1978';'More Songs About Buildings and Food';'Talking Heads';'Rock';'New Wave, Indie Rock';'260.0';'186.0';'o'
'384';'1966';'A Quick One';'The Who';'Rock';'Mod, Beat, Psychedelic Rock';'800.0';'667.0';'o'
'385';'2001';'"Love and Theft"';'Bob Dylan';'Rock';'Folk Rock, Blues Rock';'500.0';'385.0';'o'
'386';'1974';'Pretzel Logic';'Steely Dan';'Jazz, Rock';'Jazz-Rock, Pop Rock, Classic Rock';'390.0';'300.0';'o'
'387';'1993';'Enter the Wu_Tang: 36 Chambers';'Wu Tang Clan';'Hip Hop';'Gangsta';'990.0';'761.0';'o'
'388';'1985';'The Indestructible Beat of Soweto';'Various Artists';'Funk / Soul,ÊFolk, World, & Country';'African';'1023.75';'852.6';'o'
'389';'1989';'The End of the Innocence';'Don Henley';'Rock';'Pop Rock';'220.0';'169.0';'o'
'390';'2003';'Elephant';'The White Stripes';'Rock';'Blues Rock, Garage Rock, Alternative Rock';'990.0';'761.0';'o'
'391';'1976';'The Pretender';'Jackson Browne';'Rock';'Soft Rock, Pop Rock';'1020.0';'850.0';'o'
'392';'1970';'Let It Be';'The Beatles';'Rock';'Pop Rock';'300.0';'250.0';'o'
'393';'2007';'Kala';'M.I.A.';'Electronic, Hip Hop, Reggae, Pop';'Grime, Bollywood, Hip Hop, Dancehall';'600.0';'462.0';'o'
'394';'1974';'Good Old Boys';'Randy Newman';'Rock, Pop';'Pop Rock, Vocal';'900.0';'643.0';'o'
'395';'2007';'Sound of Silver';'LCD Soundsystem';'Electronic, Rock';'Leftfield, Alternative Rock, Electro, Disco';'450.0';'375.0';'o'
'396';'1973';'For Your Pleasure';'Roxy Music';'Rock';'Art Rock, Avantgarde, Glam';'950.0';'792.0';'o'
'397';'1991';'Blue Lines';'Massive Attack';'Electronic, Reggae';'Dub, Downtempo';'330.0';'275.0';'o'
'398';'1983';'Eliminator';'ZZ Top';'Rock';'Pop Rock';'550.0';'423.0';'o'
'399';'1985';'Rain Dogs';'Tom Waits';'Rock, Blues';'Blues Rock';'700.0';'500.0';'o'
'400';'1995';'Anthology: The Best of The Temptations';'The Temptations';'Electronic, Funk / Soul';'Soul, Disco';'965.9999999999999';'690.0';'o'
'401';'1999';'Californication';'Red Hot Chili Peppers';'Rock';'Alternative Rock, Funk Metal';'700.0';'583.0';'o'
'402';'1994';'Illmatic';'Nas';'Hip Hop';'None';'1170.0';'975.0';'o'
'403';'1973';'(pronounced ''leh-''nerd ''skin-''nerd)';'Lynyrd Skynyrd';'Rock';'Blues Rock, Hard Rock, Southern Rock';'400.0';'286.0';'o'
'404';'1972';'Dr. John''s Gumbo';'Dr. John';'Funk / Soul';'Bayou Funk, Funk, Rhythm & Blues';'500.0';'385.0';'o'
'405';'1974';'Radio City';'Big Star';'Rock';'Power Pop';'550.0';'424.0';'o'
'406';'1993';'Rid of Me';'PJ Harvey';'Rock';'Indie Rock';'500.0';'385.0';'o'
'407';'1980';'Sandinista!';'The Clash';'Rock, Reggae';'Rock & Roll, Dub, Punk';'420.0';'300.0';'o'
'408';'1989';'I Do Not Want What I Haven''t Got';'Sinead O''Connor';'Rock, Funk / Soul, Blues';'Blues Rock, Rhythm & Blues, Soul';'800.0';'615.0';'o'
'409';'1967';'Strange Days';'The Doors';'Rock';'Psychedelic Rock';'500.0';'385.0';'o'
'410';'1997';'Time Out of Mind';'Bob Dylan';'Rock, Blues';'Blues Rock';'520.0';'400.0';'o'
'411';'1974';'461 Ocean Boulevard';'Eric Clapton';'Rock';'Blues Rock';'900.0';'692.0';'o'
'412';'1977';'Pink Flag';'Wire';'Rock';'Punk';'715.0';'510.0';'o'
'413';'1984';'Double Nickels on the Dime';'Minutemen';'Rock';'Alternative Rock, Hardcore, Punk';'275.0';'211.0';'o'
'414';'1981';'Beauty and the Beat';'The Go Go''s';'Rock';'Pop Rock';'480.0';'369.59999999999997';'o'
'415';'1978';'Van Halen';'Van Halen';'Rock';'Hard Rock';'1140.0';'877.0';'o'
'416';'1999';'Mule Variations';'Tom Waits';'Electronic, Rock';'Abstract, Art Rock';'300.0';'215.0';'o'
'417';'1980';'Boy';'U2';'Rock';'New Wave, Pop Rock';'900.0';'692.5';'o'
'418';'1973';'Band on the Run';'Paul McCartney & Wings';'Rock';'Pop Rock';'850.0';'607.0';'o'
'419';'1994';'Dummy';'Portishead';'Electronic';'Trip Hop, Downtempo';'1235.0';'883.0';'o'
'420';'1957';'The "Chirping" Crickets';'The Crickets';'Rock, Pop';'Rockabilly, Rock & Roll';'450.0';'375.0';'o'
'421';'1990';'The Best of the Girl Groups, Volume 1';'Various Artists';'Rock,ÊPop';'Pop Rock, Vocal';'825.0';'590.0';'o'
'422';'1963';'Presenting the Fabulous Ronettes Featuring Veronica';'The Ronettes';'Rock, Pop';'Rock & Roll, Vocal';'935.0';'668.0';'o'
'423';'2001';'Anthology';'Diana Ross & The Supremes';'Electronic, Funk / Soul';'Pop Rock, Soul, Disco';'700.0';'538.0';'o'
'424';'2002';'The Rising';'Bruce Springsteen';'Rock';'Folk Rock, Classic Rock';'450.0';'346.0';'o'
'425';'1974';'Grievous Angel';'Gram Parsons';'Rock, Folk, World, & Country';'Country Rock, Honky Tonk';'800.0';'667.0';'o'
'426';'1978';'Cheap Trick at Budokan';'Cheap Trick';'Rock';'Power Pop, Pop Rock, Arena Rock, Hard Rock';'600.0';'462.0';'o'
'427';'2002';'Sleepless';'Peter Wolf';'Rock, Blues, Pop';'Blues Rock, Pop Rock, Ballad';'480.0';'343.0';'o'
'428';'1978';'Outlandos d''Amour';'The Police';'Rock';'Alternative Rock, New Wave, Punk';'517.5';'397.9';'o'
'429';'1975';'Another Green World';'Brian Eno';'Electronic';'Experimental, Ambient';'1040.0';'800.0';'o'
'430';'2007';'Vampire Weekend';'Vampire Weekend';'Rock';'Indie Rock';'250.0';'192.0';'o'
'431';'2000';'Stories From the City, Stories From the Sea';'PJ Harvey';'Rock';'Indie Rock';'700.0';'500.0';'o'
'432';'1973';'Here Come the Warm Jets';'Brian Eno';'Rock';'Art Rock, Glam';'1105.0';'920.0';'o'
'433';'1970';'All Things Must Pass';'George Harrison';'Rock';'Pop Rock';'600.0';'462.0';'o'
'434';'1972';'#1 Record';'Big Star';'Rock';'Power Pop';'960.0';'738.0';'o'
'435';'1993';'In Utero';'Nirvana';'Rock';'Grunge, Alternative Rock';'700.0';'583.0';'o'
'436';'2002';'Sea Change';'Beck';'Rock';'Alternative Rock, Post Rock';'260.0';'200.0';'o'
'437';'2008';'Tha Carter III';'Lil Wayne';'Hip Hop, Funk / Soul';'RnB/Swing, Screw, Pop Rap, Thug Rap';'500.0';'385.0';'o'
'438';'1979';'Boys Don''t Cry';'The Cure';'Rock';'New Wave, Post-Punk';'960.0';'738.0';'o'
'439';'1985';'Live at the Harlem Square Club, 1963';'Sam Cooke';'Funk / Soul';'Soul';'1020.0';'850.0';'o'
'440';'1985';'Rum Sodomy & the Lash';'The Pogues';'Rock, Folk, World, & Country';'Folk Rock, Celtic, Punk';'935.0';'668.0';'o'
'441';'1977';'Suicide';'Suicide';'Electronic, Rock';'New Wave, Experimental';'260.0';'217.0';'o'
'442';'1978';'Q: Are We Not Men? A: We Are Devo!';'DEVO';'Rock';'New Wave';'260.0';'217.0';'o'
'443';'1977';'In Color';'Cheap Trick';'Rock';'Power Pop, Pop Rock, Hard Rock';'715.0';'550.0';'o'
'444';'1972';'The World Is a Ghetto';'War';'Funk / Soul';'Funk';'260.0';'217.0';'o'
'445';'1976';'Fly Like an Eagle';'Steve Miller Band';'Rock';'Pop Rock';'550.0';'458.0';'o'
'446';'1970';'Back in the USA';'MC5';'Rock';'Garage Rock, Rock & Roll';'800.0';'615.0';'o'
'447';'1964';'Getz / Gilberto';'Stan GetzÊ/ÊJoao GilbertoÊfeaturingÊAntonio Carlos Jobim';'Jazz';'Bossa Nova,ÊLatin Jazz';'250.0';'179.0';'o'
'448';'1983';'Synchronicity';'The Police';'Rock, Pop';'New Wave, Pop Rock';'480.0';'343.0';'o'
'449';'1978';'Third/Sister Lovers';'Big Star';'Rock';'Lo-Fi,ÊIndie Rock';'700.0';'583.0';'o'
'450';'1973';'For Everyman';'Jackson Browne';'Rock';'Pop Rock, Classic Rock';'720.0';'554.0';'o'
'451';'2006';'Back to Black';'Amy Winehouse';'Funk / Soul, Pop';'Soul';'910.0';'758.0';'o'
'452';'1971';'John Prine';'John Prine';'Folk, World, & Country';'Country, Folk';'500.0';'385.0';'o'
'453';'1987';'Strictly Business';'EPMD';'Hip Hop';'None';'500.0';'385.0';'o'
'454';'1971';'Love It to Death';'Alice Cooper';'Rock';'Classic Rock';'300.0';'231.0';'o'
'455';'1984';'How Will the Wolf Survive?';'Los Lobos';'Rock, Latin';'Blues Rock';'400.0';'308.0';'o'
'456';'1978';'Here, My Dear';'Marvin Gaye';'Funk / Soul';'Soul';'700.0';'583.0';'o'
'457';'2005';'Z';'My Morning Jacket';'Rock';'Alternative Rock';'330.0';'275.0';'o'
'458';'1970';'Tumbleweed Connection';'Elton John';'Rock, Folk, World, & Country';'Soft Rock, Country Rock';'400.0';'333.0';'o'
'459';'1968';'The Drifters'' Golden Hits';'The Drifters';'Rock, Funk / Soul';'Rhythm & Blues, Soul';'900.0';'692.0';'o'
'460';'1994';'Live Through This';'Hole';'Rock';'Grunge';'840.0';'700.0';'o'
'461';'1979';'Metal Box';'Public Image Ltd.';'Electronic, Rock';'Post-Punk, Dub, Avantgarde, Experimental';'400.0';'333.0';'o'
'462';'1987';'Document';'R.E.M.';'Rock';'None';'300.0';'214.0';'o'
'463';'1981';'Heaven Up Here';'Echo and The Bunnymen';'Rock';'New Wave, Indie Rock';'780.0';'557.0';'o'
'464';'1987';'Hysteria';'Def Leppard';'Rock';'Hard Rock, Arena Rock';'495.0';'381.0';'o'
'465';'1999';'69 Love Songs';'The Magnetic Fields';'Electronic, Rock';'Synth-pop, Indie Rock';'850.0';'607.0';'o'
'466';'2002';'A Rush of Blood to the Head';'Coldplay';'Rock';'Alternative Rock, Pop Rock';'300.0';'250.0';'o'
'467';'1987';'Tunnel of Love';'Bruce Springsteen';'Rock';'None';'450.0';'346.0';'o'
'468';'1965';'The Paul Butterfield Blues Band';'The Paul Butterfield Blues Band';'Rock, Blues';'Blues Rock, Electric Blues, Chicago Blues, Modern Electric Blues, Harmonica Blues';'420.0';'350.0';'o'
'469';'1996';'The Score';'Fugees';'Hip Hop';'Pop Rap, Conscious';'690.0';'531.3';'o'
'470';'1985';'Radio';'L.L. Cool J';'Hip Hop';'None';'300.0';'250.0';'o'
'471';'1974';'I Want to See the Bright Lights Tonight';'Richard & Linda Thompson';'Rock';'Classic Rock, Folk Rock';'495.0';'353.0';'o'
'472';'1987';'Faith';'George Michael';'Electronic, Rock, Funk / Soul, Blues, Pop';'Downtempo, Soft Rock, Pop Rock, Synth-pop';'850.0';'708.0';'o'
'473';'1984';'The Smiths';'The Smiths';'Rock';'Indie Rock';'350.0';'250.0';'o'
'474';'2001';'Proxima estacion: Esperanza';'Manu Chao';'Rock, Reggae, Latin';'Folk Rock, Reggae, Reggae-Pop';'770.0';'592.0';'o'
'475';'1979';'Armed Forces';'Elvis Costello & The Attractions';'Rock';'New Wave, Pop Rock';'780.0';'650.0';'o'
'476';'1997';'Life After Death';'The Notorious B.I.G.';'Hip Hop';'None';'495.0';'353.0';'o'
'477';'1996';'Down Every Road';'Merle Haggard';'Folk, World, & Country';'Country';'200.0';'154.0';'o'
'478';'2002';'All Time Greatest Hits';'Loretta Lynn';'Folk, World, & Country';'Country';'400.0';'333.0';'o'
'479';'1971';'Maggot Brain';'Funkadelic';'Rock, Funk / Soul';'P.Funk, Psychedelic Rock';'450.0';'321.0';'o'
'480';'1995';'Only Built 4 Cuban Linx';'Raekwon';'Hip Hop';'None';'200.0';'143.0';'o'
'481';'2000';'Voodoo';'D''Angelo';'Hip Hop, Funk / Soul';'Soul, Funk, Neo Soul';'300.0';'214.0';'o'
'482';'1986';'Guitar Town';'Steve Earle';'Rock, Folk, World, & Country';'Country, Honky Tonk';'450.0';'321.0';'o'
'483';'1979';'Entertainment!';'Gang of Four';'Rock';'Post-Punk, New Wave';'770.0';'592.0';'o'
'484';'1972';'All the Young Dudes';'Mott the Hoople';'Rock';'Classic Rock, Glam';'800.0';'571.0';'o'
'485';'1994';'Vitalogy';'Pearl Jam';'Rock';'Alternative Rock, Hard Rock';'950.0';'792.0';'o'
'486';'1975';'That''s the Way of the World';'Earth, Wind & Fire';'Funk / Soul';'Soul, Funk, Disco';'400.0';'286.0';'o'
'487';'1983';'She''s So Unusual';'Cyndi Lauper';'Electronic, Rock';'Pop Rock, Synth-pop';'385.0';'296.0';'e'
'488';'1985';'New Day Rising';'Husker Du';'Rock';'Alternative Rock, Hardcore, Punk';'600.0';'429.0';'o'
'489';'1976';'Destroyer';'KISS';'Rock';'Hard Rock';'200.0';'143.0';'o'
'490';'1973';'Tres hombres';'ZZ Top';'Rock';'Blues Rock, Classic Rock';'600.0';'429.0';'o'
'491';'1967';'Born Under a Bad Sign';'Albert King';'Funk / Soul, Blues';'Electric Blues, Rhythm & Blues, Soul';'850.0';'607.0';'o'
'492';'1983';'Touch';'Eurythmics';'Electronic, Pop';'New Wave, Synth-pop';'540.0';'415.0';'o'
'493';'2002';'Yankee Hotel Foxtrot';'Wilco';'Rock';'Alternative Rock';'700.0';'583.0';'o'
'494';'2007';'Oracular Spectacular';'MGMT';'Electronic, Rock, Pop';'Synth-pop, Indie Rock';'715.0';'511.0';'o'
'495';'1972';'Give It Up';'Bonnie Raitt';'Rock';'Blues Rock';'400.0';'308.0';'o'
'496';'1969';'Boz Scaggs';'Boz Scaggs';'Rock';'Pop Rock';'1188.0';'913.1999999999999';'o'
'497';'2001';'White Blood Cells';'The White Stripes';'Rock';'Indie Rock, Alternative Rock, Blues Rock, Garage Rock';'700.0';'583.0';'o'
'498';'1989';'The Stone Roses';'The Stone Roses';'Rock';'Indie Rock';'585.0';'450.0';'o'
'499';'1971';'Live in Cook County Jail';'B.B. King';'Blues';'Electric Blues';'600.0';'462.0';'o'
'500';'1998';'Aquemini';'OutKast';'Hip Hop';'Reggae, Gangsta, Soul, Conscious';'715.0';'595.0';'o'
